STEM_ID,GENOTYPE,SUBSAMPLE.x,straw_pconc,PAP.x,yield,SUBSAMPLE.y,grain_pconc,PAP.y
ST50PKT0WD9S,CAV4081442,Straw,402,0 kg P,1.802631579,Grain,2699,0 kg P
ST50PKT0WCYG,CAV4080777,Straw,433,0 kg P,2.854010025,Grain,3587,0 kg P
ST50PKT0WD1B,CAV4081233,Straw,659,30 kg P,3.201219512,Grain,4627,30 kg P
ST50PKT0WCD2,CAV4080976,Straw,334,0 kg P,2.881578947,Grain,3843,0 kg P
ST50PKT0WC08,CAV4081051,Straw,430,30 kg P,3.059210526,Grain,4440,30 kg P
ST50PKT0WDKW,CAV4081302,Straw,838,30 kg P,4.213659148,Grain,3034,30 kg P
ST50PKT0WCZV,CAV4081232,Straw,615,0 kg P,3.710526316,Grain,4211,0 kg P
ST50PKT0WCR1,CAV4081443,Straw,666,30 kg P,4.244223363,Grain,2979,30 kg P
ST50PKT0WD07,CAV4081148,Straw,3569,30 kg P,3.671052632,Grain,6948,30 kg P
ST50PKT0WC0Q,CAV4081051,Straw,513,0 kg P,2.465460526,Grain,3132,0 kg P
ST50PKT0WCLS,CAV4080430,Straw,347,30 kg P,4.725609756,Grain,3199,30 kg P
ST50PKT0WC0Y,CAV4080258,Straw,368,0 kg P,2.039473684,Grain,2257,0 kg P
ST50PKT0WCYH,CAV4081165,Straw,1176,0 kg P,2.601214575,Grain,2743,0 kg P
ST50PKT0WC4G,CAV4080806,Straw,597,30 kg P,4.331983806,Grain,3208,30 kg P
ST50PKT0WC0H,CAV4080258,Straw,707,30 kg P,3.21585213,Grain,3241,30 kg P
ST50PKT0WCSY,CAV4080496,Straw,599,30 kg P,4.226190476,Grain,2402,30 kg P
ST50PKT0WD0F,M75-28,Straw,615,30 kg P,2.705391528,Grain,3756,30 kg P
ST50PKT0WDLK,CAV4080962,Straw,411,0 kg P,0.689144737,Grain,2325,0 kg P
ST50PKT0WCRL,CAV4081547,Straw,442,0 kg P,2.982991014,Grain,2343,0 kg P
ST50PKT0WC4C,CAV4080789,Straw,611,30 kg P,2.922015404,Grain,4442,30 kg P
ST50PKT0WC4H,M76-79,Straw,430,30 kg P,3.674582798,Grain,2046,30 kg P
ST50PKT0WC4N,CAV4080742,Straw,495,0 kg P,2.225328947,Grain,2163,0 kg P
ST50PKT0WC4S,CAV4081192,Straw,-32,0 kg P,2.373614958,Grain,2318,0 kg P
ST50PKT0WCSH,CAV4080496,Straw,897,0 kg P,3.582393484,Grain,3239,0 kg P
ST50PKT0WCRC,CAV4081255,Straw,785,0 kg P,2.370065789,Grain,3672,0 kg P
ST50PKT0WCRC,CAV4081255,Straw,785,0 kg P,2.370065789,Grain,3686,0 kg P
ST50PKT0WDBV,CAV4081633,Straw,314,0 kg P,2.549743261,Grain,3131,0 kg P
ST50PKT0WCWH,CAV4080464,Straw,574,0 kg P,2.246710526,Grain,3163,0 kg P
ST50PKT0WD7R,WESTONIA,Straw,535,30 kg P,5.56322208,Grain,2787,30 kg P
ST50PKT0WD9F,CAV4080828,Straw,771,30 kg P,3.644094994,Grain,4199,30 kg P
ST50PKT0WDB4,CAV4081018,Straw,440,0 kg P,2.338815789,Grain,2850,0 kg P
ST50PKT0WD9N,CAV4080219,Straw,656,30 kg P,4.043522267,NA,NA,NA
ST50PKT0WCRH,CAV4081443,Straw,395,0 kg P,2.756739409,Grain,3070,0 kg P
ST50PKT0WCR5,CAV4080787,Straw,321,30 kg P,6.268556005,NA,NA,NA
ST50PKT0WCSQ,CAV4080464,Straw,878,30 kg P,3.547697368,Grain,3711,30 kg P
ST50PKT0WCQY,CAV4080839,Straw,1310,30 kg P,3.794929397,Grain,3522,30 kg P
ST50PKT0WD11,CAV4080982,Straw,283,0 kg P,3.018092105,Grain,2708,0 kg P
ST50PKT0WCSJ,CAV4080427,Straw,591,0 kg P,3.900134953,Grain,3286,0 kg P
ST50PKT0WCSG,CAV4081262,Straw,206,0 kg P,2.729460847,Grain,3183,0 kg P
ST50PKT0WDBC,CAV4081072,Straw,615,30 kg P,3.817520776,Grain,3304,30 kg P
ST50PKT0WCSW,CAV4081646,Straw,467,30 kg P,4.476893453,Grain,2576,30 kg P
ST50PKT0WDB0,CAV4080177,Straw,392,0 kg P,2.694235589,Grain,2854,0 kg P
ST50PKT0WD9H,CAV4080253,Straw,691,30 kg P,4.231386393,Grain,3574,30 kg P
ST50PKT0WCST,CAV4081201,Straw,692,30 kg P,3.549422336,Grain,3056,30 kg P
ST50PKT0WDB9,CAV4080886,Straw,198,30 kg P,3.980263158,Grain,3279,30 kg P
ST50PKT0WCSV,CAV4080434,Straw,159,30 kg P,3.147506925,Grain,3666,30 kg P
ST50PKT0WD0R,CAV4080588,Straw,198,0 kg P,2.547697368,Grain,2659,0 kg P
ST50PKT0WD9L,CAV4081064,Straw,800,30 kg P,4.078947368,Grain,2810,30 kg P
ST50PKT0WCS9,CAV4081260,Straw,244,0 kg P,2.931643132,Grain,3361,0 kg P
ST50PKT0WCR9,CAV4080532,Straw,718,0 kg P,3.662828947,Grain,2997,0 kg P
ST50PKT0WD7Q,CAV4081442,Straw,337,30 kg P,3.828947368,Grain,2652,30 kg P
ST50PKT0WCSS,CAV4081217,Straw,278,30 kg P,3.264802632,Grain,3339,30 kg P
ST50PKT0WDBG,CAV4081500,Straw,75,30 kg P,4.053884712,Grain,3102,30 kg P
ST50PKT0WD7T,CAV4080349,Straw,208,0 kg P,2.174342105,Grain,2854,0 kg P
ST50PKT0WCQW,CAV4081528,Straw,903,30 kg P,3.084082157,Grain,2794,30 kg P
ST50PKT0WCT1,CAV4081175,Straw,417,30 kg P,4.67611336,Grain,2969,30 kg P
ST50PKT0WCSK,CAV4080166,Straw,344,0 kg P,3.862323492,Grain,4038,0 kg P
ST50PKT0WD9P,CAV4081018,Straw,621,30 kg P,4.273026316,Grain,3940,30 kg P
ST50PKT0WDBY,CAV4080399,Straw,371,0 kg P,2.294197031,Grain,2799,0 kg P
ST50PKT0WD9K,CAV4080177,Straw,386,30 kg P,4.805764411,Grain,3545,30 kg P
ST50PKT0WD7S,CAV4081658,Straw,524,30 kg P,3.075657895,Grain,3163,30 kg P
ST50PKT0WD9T,WESTONIA,Straw,252,0 kg P,2.382862644,Grain,3031,0 kg P
ST50PKT0WDB8,CAV4080417,Straw,247,30 kg P,3.907252888,Grain,3496,30 kg P
ST50PKT0WD9Y,CAV4080253,Straw,436,0 kg P,2.232028241,Grain,2489,0 kg P
ST50PKT0WCRF,CAV4081247,Straw,402,0 kg P,2.815096953,Grain,3252,0 kg P
ST50PKT0WDBS,CAV4081449,Straw,274,0 kg P,2.581835687,Grain,3718,0 kg P
ST50PKT0WDBR,CAV4080886,Straw,210,0 kg P,1.756578947,Grain,2340,0 kg P
ST50PKT0WD2Z,CAV4080462,Straw,655,30 kg P,4.035087719,Grain,4294,30 kg P
ST50PKT0WD0G,CAV4080958,Straw,502,30 kg P,4.448621554,Grain,4197,30 kg P
ST50PKT0WD0Y,CAV4080662,Straw,417,0 kg P,2.503373819,Grain,3179,0 kg P
ST50PKT0WD9X,CAV4080756,Straw,502,0 kg P,1.902700831,Grain,2035,0 kg P
ST50PKT0WCSC,CAV4081201,Straw,670,0 kg P,3.000641849,Grain,3277,0 kg P
ST50PKT0WDBJ,CAV4080236,Straw,362,30 kg P,4.186456996,Grain,2379,30 kg P
ST50PKT0WD9Z,CAV4080550,Straw,643,0 kg P,1.882220796,Grain,3424,0 kg P
ST50PKT0WCSX,CAV4081262,Straw,258,30 kg P,4.318035944,Grain,2666,30 kg P
ST50PKT0WDB3,CAV4080219,Straw,720,0 kg P,2.54217274,Grain,3481,0 kg P
ST50PKT0WDBD,CAV4081633,Straw,743,30 kg P,4.929396662,Grain,3109,30 kg P
ST50PKT0WD02,CAV4080484,Straw,520,0 kg P,3.06322208,Grain,2920,0 kg P
ST50PKT0WDB2,CAV4081602,Straw,149,0 kg P,2.970154044,Grain,609,0 kg P
ST50PKT0WCT0,CAV4080166,Straw,594,30 kg P,5.41720154,Grain,3675,30 kg P
ST50PKT0WCRM,CAV4080787,Straw,366,0 kg P,3.802294197,Grain,2901,0 kg P
ST50PKT0WCR2,CAV4081325,Straw,478,30 kg P,4.960839599,NA,NA,NA
ST50PKT0WD9V,CAV4081658,Straw,661,0 kg P,1.243421053,Grain,2861,0 kg P
ST50PKT0WD9V,CAV4081658,Straw,661,0 kg P,1.243421053,Grain,2520,0 kg P
ST50PKT0WCSL,CAV4081175,Straw,419,0 kg P,4.267881242,Grain,3293,0 kg P
ST50PKT0WDB1,CAV4081064,Straw,331,0 kg P,2.879554656,Grain,3044,0 kg P
ST50PKT0WCYL,CAV4080813,Straw,534,0 kg P,3.902960526,Grain,2901,0 kg P
ST50PKT0WD9J,CAV4080550,Straw,728,30 kg P,3.904043646,Grain,3823,30 kg P
ST50PKT0WD9W,CAV4080828,Straw,538,0 kg P,2.063543004,Grain,3159,0 kg P
ST50PKT0WDBB,CAV4081449,Straw,260,30 kg P,4.815468549,Grain,2252,30 kg P
ST50PKT0WD14,CAV4080190,Straw,1487,30 kg P,4.460526316,Grain,6576,30 kg P
ST50PKT0WD10,CAV4080738,Straw,770,0 kg P,3.051619433,Grain,3214,0 kg P
ST50PKT0WD0V,CAV4080274,Straw,485,0 kg P,2.849807445,Grain,2749,0 kg P
ST50PKT0WCR3,CAV4081350,Straw,800,30 kg P,4.333670715,Grain,3891,30 kg P
ST50PKT0WDLC,CAV4080669,Straw,64,0 kg P,1.864035088,Grain,2249,0 kg P
ST50PKT0WDBK,CAV4080676,Straw,594,30 kg P,5.020242915,Grain,3182,30 kg P
ST50PKT0WDLV,CAV4081228,Straw,482,0 kg P,0.977214377,Grain,1785,0 kg P
ST50PKT0WDL7,CAV4081259,Straw,490,0 kg P,3.007271468,Grain,2961,0 kg P
ST50PKT0WCZZ,M75-28,Straw,409,0 kg P,1.86296534,Grain,2379,0 kg P
ST50PKT0WCSM,CAV4080724,Straw,597,0 kg P,4.628289474,Grain,2778,0 kg P
ST50PKT0WDL9,CAV4080544,Straw,287,0 kg P,1.708921694,Grain,2538,0 kg P
ST50PKT0WDLN,CAV4081493,Straw,238,0 kg P,2.153401797,Grain,2088,0 kg P
ST50PKT0WDBP,CAV4080683,Straw,345,0 kg P,2.065789474,Grain,2831,0 kg P
ST50PKT0WCQV,CAV4080532,Straw,991,30 kg P,4.519736842,Grain,4296,30 kg P
ST50PKT0WCSZ,CAV4080427,Straw,552,30 kg P,4.841430499,Grain,3542,30 kg P
ST50PKT0WDBT,CAV4081072,Straw,382,0 kg P,2.442867036,Grain,2265,0 kg P
ST50PKT0WDBZ,CAV4080236,Straw,158,0 kg P,2.087612323,Grain,2549,0 kg P
ST50PKT0WDC0,CAV4080676,Straw,218,0 kg P,2.311066127,Grain,3219,0 kg P
ST50PKT0WC47,CAV4081379,Straw,508,30 kg P,3.711489089,Grain,3521,30 kg P
ST50PKT0WC0D,CAV4080437,Straw,407,30 kg P,2.998614958,Grain,2669,30 kg P
ST50PKT0WC4B,CAV4081192,Straw,433,30 kg P,2.712950139,Grain,3746,30 kg P
ST50PKT0WCQZ,CAV4081247,Straw,486,30 kg P,4.001038781,Grain,2870,30 kg P
ST50PKT0WCLP,CAV4081223,Straw,750,30 kg P,5.757381258,Grain,3815,30 kg P
ST50PKT0WCYD,CAV4080882,Straw,336,0 kg P,2.7936457,Grain,3310,0 kg P
ST50PKT0WD9G,CAV4080756,Straw,1050,30 kg P,3.75865651,Grain,4562,30 kg P
ST50PKT0WCLN,CAV4081158,Straw,393,30 kg P,5.490131579,Grain,2723,30 kg P
ST50PKT0WD0W,CAV4081233,Straw,590,0 kg P,2.100449294,Grain,3342,0 kg P
ST50PKT0WC46,CAV4080742,Straw,846,30 kg P,3.116776316,Grain,3184,30 kg P
ST50PKT0WDKR,CAV4080583,Straw,983,30 kg P,4.024390244,Grain,2775,30 kg P
ST50PKT0WCRJ,CAV4081325,Straw,83,0 kg P,3.043546366,Grain,2915,0 kg P
ST50PKT0WCLQ,M76-116,Straw,723,30 kg P,4.575831025,Grain,2590,30 kg P
ST50PKT0WCXX,CAV4080410,Straw,740,30 kg P,4.203601108,Grain,3954,30 kg P
ST50PKT0WCLX,CAV4080857,Straw,571,30 kg P,4.741902834,Grain,3590,30 kg P
ST50PKT0WDN9,CAV4081285,Straw,226,0 kg P,1.479419703,Grain,2533,0 kg P
ST50PKT0WD09,CAV4081232,Straw,817,30 kg P,4.518092105,Grain,3754,30 kg P
ST50PKT0WCRK,CAV4081350,Straw,274,0 kg P,3.211875843,Grain,2900,0 kg P
ST50PKT0WC04,CAV4080737,Straw,205,0 kg P,2.940283401,Grain,3376,0 kg P
ST50PKT0WDNM,CAV4080531,Straw,816,30 kg P,3.672978177,Grain,3259,30 kg P
ST50PKT0WCYB,CAV4080408,Straw,516,0 kg P,2.888318357,Grain,3318,0 kg P
ST50PKT0WC03,M76-79,Straw,300,0 kg P,2.506418485,Grain,1329,0 kg P
ST50PKT0WCY2,CAV4080598,Straw,306,30 kg P,3.727535302,Grain,3879,30 kg P
ST50PKT0WCSR,CAV4081260,Straw,242,30 kg P,3.867137356,Grain,3934,30 kg P
ST50PKT0WD04,CAV4081187,Straw,430,0 kg P,3.292763158,Grain,2972,0 kg P
ST50PKT0WC4P,CAV4081379,Straw,120,0 kg P,2.812901155,Grain,2343,0 kg P
ST50PKT0WCLV,CAV4081194,Straw,541,30 kg P,5.337381916,Grain,3225,30 kg P
ST50PKT0WC0K,CAV4081548,Straw,253,30 kg P,3.778883184,Grain,2580,30 kg P
ST50PKT0WCR4,CAV4081547,Straw,603,30 kg P,4.49775353,Grain,3180,30 kg P
ST50PKT0WD16,CAV4080588,Straw,441,30 kg P,3.784539474,Grain,3453,30 kg P
ST50PKT0WC05,CAV4080118,Straw,305,0 kg P,3.690789474,Grain,2629,0 kg P
ST50PKT0WD01,M73-13,Straw,288,0 kg P,2.591093117,Grain,1801,0 kg P
ST50PKT0WC0C,M75-28,Straw,663,30 kg P,2.533697047,Grain,2826,30 kg P
ST50PKT0WC4R,CAV4081301,Straw,876,0 kg P,1.816431322,Grain,2783,0 kg P
ST50PKT0WDNN,CAV4081176,Straw,591,30 kg P,4.003759398,Grain,2671,30 kg P
ST50PKT0WC4D,CAV4081445,Straw,202,30 kg P,3.778883184,Grain,3060,30 kg P
ST50PKT0WCCY,CAV4081217,Straw,571,30 kg P,4.43488529,Grain,4194,30 kg P
ST50PKT0WDKQ,CAV4081274,Straw,711,30 kg P,3.105263158,Grain,3911,30 kg P
ST50PKT0WD0K,CAV4080665,Straw,368,30 kg P,4.644062078,Grain,2471,30 kg P
ST50PKT0WCLY,CAV4080177,Straw,71,30 kg P,3.743421053,Grain,2525,30 kg P
ST50PKT0WDBW,CAV4081163,Straw,256,0 kg P,1.479460847,Grain,2769,0 kg P
ST50PKT0WCRD,CAV4080839,Straw,936,0 kg P,2.727856226,Grain,2633,0 kg P
ST50PKT0WDN5,CAV4080531,Straw,451,0 kg P,2.325096277,Grain,2142,0 kg P
ST50PKT0WD0C,CAV4081265,Straw,677,30 kg P,4.823407202,Grain,2629,30 kg P
ST50PKT0WD15,CAV4081133,Straw,1007,30 kg P,4.768934531,Grain,3880,30 kg P
ST50PKT0WD0D,CAV4081212,Straw,526,30 kg P,4.49775353,Grain,4076,30 kg P
ST50PKT0WC49,CAV4081301,Straw,900,30 kg P,3.551026958,Grain,3544,30 kg P
ST50PKT0WDKP,CAV4081306,Straw,588,30 kg P,3.721116816,Grain,3548,30 kg P
ST50PKT0WCRG,CAV4080438,Straw,653,0 kg P,2.483953787,Grain,3432,0 kg P
ST50PKT0WCSB,CAV4081217,Straw,525,0 kg P,1.998355263,Grain,2349,0 kg P
ST50PKT0WCQX,CAV4081255,Straw,739,30 kg P,3.411184211,Grain,3327,30 kg P
ST50PKT0WDBL,CAV4080349,Straw,764,30 kg P,4.203947368,Grain,4527,30 kg P
ST50PKT0WDBH,CAV4080399,Straw,803,30 kg P,4.009784076,Grain,3453,30 kg P
ST50PKT0WCZT,CAV4080808,Straw,832,0 kg P,4.650192555,Grain,3366,0 kg P
ST50PKT0WD31,CAV4081532,Straw,379,30 kg P,4.237804878,Grain,3363,30 kg P
ST50PKT0WCR0,CAV4080438,Straw,508,30 kg P,4.250641849,Grain,2996,30 kg P
ST50PKT0WDL4,CAV4081306,Straw,395,0 kg P,1.745827985,Grain,2266,0 kg P
ST50PKT0WC0L,CAV4081610,Straw,404,30 kg P,4.261133603,Grain,2720,30 kg P
ST50PKT0WCZY,CAV4081212,Straw,367,0 kg P,2.734274711,Grain,3022,0 kg P
ST50PKT0WDBF,CAV4081163,Straw,177,30 kg P,3.955391528,Grain,2922,30 kg P
ST50PKT0WD0X,CAV4080462,Straw,249,0 kg P,2.363721805,Grain,2804,0 kg P
ST50PKT0WD9M,CAV4081602,Straw,1410,30 kg P,4.481707317,Grain,4968,30 kg P
ST50PKT0WC4F,CAV4081172,Straw,738,30 kg P,3.737468672,Grain,3431,30 kg P
ST50PKT0WD17,CAV4081160,Straw,1045,30 kg P,4.30198973,Grain,4365,30 kg P
ST50PKT0WDBQ,CAV4080417,Straw,662,0 kg P,1.508344031,Grain,2668,0 kg P
ST50PKT0WD0B,CAV4081229,Straw,710,30 kg P,3.54139923,Grain,3304,30 kg P
ST50PKT0WCZS,CAV4081148,Straw,760,0 kg P,3.758223684,Grain,4417,0 kg P
ST50PKT0WC0B,CAV4080349,Straw,473,30 kg P,2.646381579,Grain,4134,30 kg P
ST50PKT0WCYJ,CAV4080598,Straw,549,0 kg P,2.35237484,Grain,3146,0 kg P
ST50PKT0WCSF,CAV4081646,Straw,257,0 kg P,2.772785623,Grain,2714,0 kg P
ST50PKT0WDKZ,CAV4080589,Straw,66,30 kg P,4.859986505,Grain,2682,30 kg P
ST50PKT0WD0T,CAV4081051,Straw,443,0 kg P,2.57098338,Grain,3068,0 kg P
ST50PKT0WDKN,CAV4081312,Straw,477,30 kg P,4.120065789,Grain,2927,30 kg P
ST50PKT0WDB7,CAV4080683,Straw,1555,30 kg P,4.623355263,Grain,3414,30 kg P
ST50PKT0WDL8,CAV4080945,Straw,509,0 kg P,2.666880616,Grain,2807,0 kg P
ST50PKT0WD0L,CAV4081187,Straw,905,30 kg P,5.131578947,Grain,4219,30 kg P
ST50PKT0WC4V,CAV4081445,Straw,316,0 kg P,2.017008986,Grain,2717,0 kg P
ST50PKT0WDLQ,CAV4080949,Straw,2285,0 kg P,2.604300385,Grain,5059,0 kg P
ST50PKT0WCRB,CAV4081528,Straw,412,0 kg P,2.358793325,Grain,3188,0 kg P
ST50PKT0WC4J,CAV4080737,Straw,674,30 kg P,3.201754386,Grain,3884,30 kg P
ST50PKT0WC0M,CAV4080139,Straw,729,30 kg P,4.919407895,Grain,2777,30 kg P
ST50PKT0WDL5,CAV4081274,Straw,35,0 kg P,1.023026316,Grain,2355,0 kg P
ST50PKT0WD0J,CAV4080484,Straw,881,30 kg P,5.407573813,Grain,3003,30 kg P
ST50PKT0WD0H,M73-13,Straw,781,30 kg P,3.500337382,Grain,4289,30 kg P
ST50PKT0WCCR,CAV4080718,Straw,766,30 kg P,3.917936288,Grain,4400,30 kg P
ST50PKT0WC0F,CAV4081495,Straw,464,30 kg P,3.03915276,Grain,4319,30 kg P
ST50PKT0WCZX,CAV4081265,Straw,427,0 kg P,2.944944598,Grain,3108,0 kg P
ST50PKT0WD08,CAV4080808,Straw,861,30 kg P,4.648587933,Grain,3582,30 kg P
ST50PKT0WD03,CAV4080665,Straw,701,0 kg P,2.913292848,NA,NA,NA
ST50PKT0WC0G,CAV4080747,Straw,947,30 kg P,2.854621309,Grain,3608,30 kg P
ST50PKT0WDLL,CAV4081035,Straw,324,0 kg P,2.008985879,Grain,2098,0 kg P
ST50PKT0WC4K,CAV4080118,Straw,981,30 kg P,4.332236842,Grain,3907,30 kg P
ST50PKT0WCSD,CAV4080434,Straw,403,0 kg P,2.969182825,Grain,3199,0 kg P
